content,score,time,user_level,thumb_up,product_color,product_size
"以旧换新：活动力度很大，直接优惠500块，赶快下手
外形外观：外观很有特点，一眼就能认出来
屏幕音效：效果很好，和外国那个高端手机差别很小了
拍照效果：还原度很高
运行速度：快
待机时间：长",5,2025-03-10 21:58:23,,631,雪域白,12GB+512GB
第三次购买华为手机了 打游戏非常顺畅不卡顿 通话非常清晰 没有杂音的 系统运行流畅   外观漂亮，手感舒适 扬声器音效很好 。拍照非常清晰 非常满意  值得购买,5,2025-03-12 15:50:32,,374,羽砂黑,12GB+512GB
"外形外观：外形外观真的很时尚大气，简约风格，配上淡淡的蓝色确实好看。
屏幕音效：屏幕清晰，音效也很棒。
拍照效果：拍照效果很满意，能够满足本人需求。
运行速度：运行速度方面用了两个月左右了吧，没出现过卡顿现象，玩游戏有时候会发热，但不会很烫手。
待机时间：白天一天的工作加娱乐足够了。",5,2025-04-27 16:53:00,,38,冰晶蓝,12GB+512GB
老婆的生日礼物，她不太喜欢曲屏。在mate70和pura70间纠结了一下，最后还是选择了pura70卫星版，玫红色很亮眼，12+512的配置目前足够用，拍照效果中规中矩，鸿蒙系统运行确实流畅，毕竟是新机，老婆很喜欢,5,2025-05-11 10:09:35,,0,樱玫红,12GB+512GB
"颜值高：这款手机方方正正的，直屏用起来特别舒服。裸机手感很棒，手机壳也很好买。
网速快信号好：网速非常快，信号也很稳定。据说没有显示5G标志就意味着是5G网络，真是惊喜。
华为小功能强大：截屏、录音、识别图片等功能一如既往的好用，简直是科技控的福音。",5,2025-04-15 11:24:41,,38,羽砂黑,12GB+1TB
华为Pura 70系列以惊艳设计与硬核实力，机身延续星芒纹设计，轻薄四曲面屏搭配灵动色彩，高级质感与舒适握持并存。超感知影像系统全面升级，主摄物理可变光圈搭配XD Motion运动引擎，随手拍出光影大片，XMAGE影像风格更添艺术表现力。鸿蒙OS 4.2系统丝滑流畅，AI隔空操控、智感支付等黑科技提升交互体验。66W快充+高密度电池解决续航焦虑，。从影像旗舰到全能旗舰，Pura 70系列以创新诠释高端美学，不愧是最值得入手的国产旗舰机型！,5,2025-04-20 07:03:12,,14,羽砂黑,12GB+512GB
24年的拍照神机，赶在新产品上市前入手，便宜了不少，加上国补很优惠。之前用的荣耀V30pro，荣耀和华为正式分家前的神机，用了五年了，128G存储不够用了，换新机支持华为。白色机身银色边框很漂亮。12G+512存储日常够用了，很喜欢不错,5,2025-05-05 14:03:21,,6,雪域白,12GB+512GB
选了几款觉得还是这款适合，最低版本，拿在手里不算大，购买前看了其他家的小屏感觉不靠谱，不打游戏就是工作用，刷刷小视频，新闻，升级鸿蒙5很好用，,5,2025-05-03 19:45:25,,8,羽砂黑,12GB+512GB
"第一次用华为手机,有情怀,也有期待已久的喜欢。手机拿到手,外观很漂亮,屏幕大小拿着也舒适,曲面屏幕设计的看着很流畅,第一眼很喜欢,也算没辜负对它的期待。打开手机,使用起来感觉很流畅,一些细节可能需要完善,也可能是之前的使用习惯还不太适应,之前一些有的方便操作的却没有,当然这些不算是大问题。但我觉得一部好的手机就是给用户带来方便,越来越贴合用户的需求。最让我眼前一亮的是它的拍照功能,随手一拍都是美照,像素挺高,搭配算法,拍出来的图片光影、色调都很细腻,我觉得拍照功能也是这部手机的亮点。最后说下续航,也是我比较看重的,",5,2025-04-17 19:01:33,,14,雪域白,12GB+512GB
外观简约大气，直角中框搭配磨砂玻璃后盖，科技感和时尚感直接拉满。白色款纯净又高级，触感细腻，背面独特的三角形相机岛设计辨识度超高，每次拿出手机都超吸睛。续航也很让人省心，4900mAh大容量电池，中度使用一天电量还有剩余。电量不足时，66W有线快充和50W无线快充能快速&ldquo;回血&rdquo;，着急出门也不担心电量问题。,5,2025-05-08 14:08:27,,3,雪域白,12GB+512GB
"以旧换新：这个优惠没用
屏幕音效：屏幕音效非常赞
外形外观：好看了，绝绝子
拍照效果：就如宣传的一样，拍照效果杠杠滴。夜景拍摄也是非常牛
运行速度：暂时没有出现卡的情况，一切都在适应中充电速度相当快，电池的容量也可以，
待机时间：如果不要任何游戏或看视频的话，两天的待机时间是没有任何问题的。",5,2025-04-20 12:25:54,,10,雪域白,12GB+512GB
华为Pura 70是一款极具吸引力的产品。在使用过程中，我发现它的外观设计简洁大方，色彩搭配和谐，给人一种高端的感觉。性能方面，Pura 70表现出色，运行流畅，无论是日常使用还是处理复杂任务都能轻松应对。同时，它的电池续航能力也令人满意，长时间使用无需频繁充电。此外，它的性价比相当高，对于同等价位的其他产品来说，Pura 70提供了更高的性能和更好的用户体验。总的来说，华为Pura 70是一款值得推荐的产品，无论是外观设计、性能表现还是使用体验都给人留下了深刻的印象。,5,2025-05-07 21:05:29,,2,羽砂黑,12GB+512GB
"华为P70，我的使用感受
才到手用了一天，我对手机的要求不高，因为不打游戏平时就刷刷剧拍拍照，所以就内存大一点然后拍照好看一点（尤其是前置）就行了，但因为电脑耳机都是华为的想着手机也买个华为的算了，加上p70标准款真的好好看！简直戳到了我的心巴上就直接入手了，",5,2025-05-03 19:26:42,,4,雪域白,12GB+512GB
这个机子照相特别清晰好看，运行速度杠杠的，就是摄像头凸起来放车上手机支架买不到合适的，有点瑕疵，其他都挺满意的，国家补贴价格也挺满意的，外形好看，声音特别大声清晰，像素也很高，各方面都不错，推荐,5,2025-04-16 22:05:55,,1,羽砂黑,12GB+512GB
"很不错，这次享受了国家补贴，还有五一京东补贴，优惠了一千元（国补500+京东满减券），手机很不错，喜欢。
屏幕音效：音质好
外形外观：简洁时尚",5,2025-05-02 12:51:40,,2,羽砂黑,12GB+512GB
"华为的东西做的好，设计与品质均在线，从mate8一直用到现在的mate60pro，一直喜欢。这个是给家里老人买的，在网上看了好久，决定还是买这款，真的不错，装上试用了感觉很好，用料扎实，外形设计美观，功能也比较全面实用,老人很容易上手，还有500国补，总体上性价比很不错。希望国货越来越好越强大！希望京东和商家诚信经营，把好产品质量关，做好售后服务，让消费者方便安心的网购！让大家感受到好的产品和优质的服务！",5,2025-04-25 09:01:01,,2,羽砂黑,12GB+512GB
华为P70真的太让我惊喜了！外观精致，线条流畅，手感舒适。性能上，麒麟处理器加持，日常操作丝滑，游戏也不卡顿。5000万像素镜头拍照超清晰，夜景也出彩。续航和快充也给力，强烈推荐！,5,2025-05-01 01:28:23,,1,雪域白,12GB+512GB
充电发热是痛点其他无毛病,3,2025-05-10 21:34:31,,0,雪域白,12GB+512GB
发货速度很快，包装完好！手机外观设计漂亮，双曲面颜值爆表！随机贴了手机膜，还送了非常贴合的手机壳，真贴心！手机屏幕色彩艳丽，拍照效果杠杠，手机操作起来很流畅，是我想要的效果，不错,5,2025-04-21 01:40:25,,0,羽砂黑,12GB+512GB
华为Pura70凭借均衡性能与高性价比获得广泛认可。设计方面，6.6英寸OLED直屏搭配120Hz自适应刷新率及第二代昆仑玻璃，显示细腻且耐磨抗摔&nbsp;。影像性能突出，5000万像素超聚光主摄支持暗光拍摄，用户实测演唱会场景下视频清晰度高，长焦与超广角镜头拓展创作空间&nbsp;。硬件配置上，处理器运行流畅，游戏和多任务处理无卡顿，5000mAh电池搭配60W快充满足全天续航需求&nbsp;。价格优势显著，国补后降至4000多元，相比首发优惠约1500元，成为中高端市场的竞争力机型&nbsp;。综合来看，在屏幕、影像与续航上的表现尤为亮眼，适合追求实用性与性价比的用户。,5,2025-04-22 07:38:04,,2,羽砂黑,12GB+512GB
一直对华为手机情有独钟，这款上手更是舒适精致又简约大气，颜色绝了！三种解锁设置方便，自由选择。系统丝滑流畅，充电快，拍照效果好，喜欢，特别满意，也会永远支持华为！,5,2025-04-19 19:03:47,,0,雪域白,12GB+512GB
中上午下单 当天傍晚到货 而且送货快而安全，晚上拿到手就可以用啦 有配充电线和膜还有手机壳 非常贴心 比之前买的苹果服务好好叫好呢，超级细心的华为店家，在手机店里倒数据的老板说我们这款性价比很高，我也享受到了国家补贴500元，老手机回收掉到时又可以节约一笔成本，对我们这辈手机不离手的人，换个智能款的新型手机真是每个人的看家娱乐利器，在喧嚣的环境里对自己好点，亲们选择这款性价比和幸福感贼拉高啊,5,2025-04-16 21:16:20,,1,羽砂黑,12GB+512GB
这么说吧，先买了第1部觉得用起来效果特别棒，又买了第2部，就是冲着直屏来的，手感用起来特别好，拍照效果更是不一般，随便拍拍都是大片，最主要是待机时间长，早晨起床充满电耍一天，再不用走到哪都拎个充电宝了。给华为pure70点个大大的赞。,5,2025-04-23 17:29:08,,0,羽砂黑,12GB+512GB
"质量卓越：商品质量非常好，与卖家描述一致，非常满
意，值得购买。
性价比高：性价比非常高，强烈推荐。
使用体验好：功能强大，操作简单，易上手，性价比极
高。
包装精美：商品包装精美，送礼自用两相宜，非常体
面。
价格合理：价格合理，性价比高，同等价格里这款商品
绝对是首选。
购物体验好：购物体验非常好，从下单到收货都很顺
利，非常满意
服务满意：卖家服务态度很好，发货速度快，物流给
力。",5,2025-05-05 18:04:36,,0,羽砂黑,12GB+512GB
这款手机外观时尚，蓝色特别漂亮，设计精美，使用流畅。虽然尺寸不大，便于单手操作，续航表现也尚可，拍照效果优秀，整体非常满意。,5,2025-05-07 22:19:59,,1,冰晶蓝,12GB+1TB
"外形外观：通体质感白，颜色很好看万能白
屏幕音效：屏幕很清晰，放音乐效果也不错
拍照效果：拍照也还行
运行速度：运行速度也超快，原先的苹果真的慢",5,2025-04-18 09:37:26,,1,雪域白,12GB+512GB
对比了好几款手机，最终选择这款，性价比真的绝了！配置均衡，性能完全能满足日常和娱乐需求，外观质感完全不像这个价位的产品。屏幕素质、拍照能力、续航表现都很出色，没有明显短板。系统优化也很到位，操作流畅不臃肿。花这么少的钱能买到这么全能的手机，闭眼冲就对了！,5,2025-04-28 17:04:51,,0,羽砂黑,12GB+512GB
之前p30用了4年半，除了没有内存存放娃的照片了，其他没有任何毛病，非常耐用。所以这次还是选择华为，先去实体店看了看，选中了这款，大小合适，适合女生用，然后看看京东上的活动，比店里便宜点，用了有一段时间了，体验很不错，是值得推荐的一款,5,2025-05-07 08:40:39,,0,羽砂黑,12GB+512GB
"用了几天才来评价的                                                                                                      有国补优惠很多，512的内存完全够用，
外形外观：外形大小刚好女孩子用正好                    
用起来很顺畅不卡顿，反应没有延时",5,2025-05-08 08:32:10,,0,雪域白,12GB+512GB
华为这款手机颜值绝了！纯净的白色超有质感，简约又高级。后置摄像头模组设计独特，辨识度拉满。性能也超强大，拍照清晰，运行流畅，用着太顺手啦，真的爱惨了！,5,2025-04-16 13:10:56,,1,雪域白,12GB+512GB
使用一个来月了，切换非常方便，几个流程无缝换机。使用非常流畅，拍照效果好。充电速度超快，20来分钟从50到100%。缺点：重量有点重，摄像头突出太多了。,5,2025-04-22 21:29:43,,2,羽砂黑,12GB+512GB
将之前老机器以旧换新，在在国家补贴的情况下拿下了这款新机华为P70 12+512卫星消息版，刚收到货产品非常不错，使用非常流畅，功能强大，外观新颖时尚，使用体验感非常不错，支持国货，支持华为,5,2025-04-25 11:58:54,,2,羽砂黑,12GB+512GB
非常好，非常大气，手感也非常好，颜值爆表，真的物超所值，非常喜欢。手机运行速度快，拍照好看，超喜欢的，一点也不卡顿，拍照效果清晰有质感,5,2025-05-11 20:00:01,,0,羽砂黑,12GB+512GB
第二次购买华为手机了，第一台是mate 30非常顺畅不卡顿 通话非常清晰 没有杂音的 鸿蒙系统运行流畅 外观漂亮，手感舒适 扬声器音效很好 。拍照非常清晰 非常满意 值得购买,5,2025-04-20 10:54:00,,0,雪域白,12GB+512GB
📱 华为P70，用了就知道没买错！系统流畅得飞起，拍照效果也是一绝。电量持久，出门再也不担心手机没电了。性价比超高，真的是物超所值啊！强烈推荐给所有小伙伴们都入手一个！[拇指向上],5,2025-05-01 22:55:06,,0,雪域白,12GB+512GB
爱了这个手机，手感巨好，方方正正的样式我也很喜欢，本来买来当副机，现在直接当主的用了，颜值很高白色很漂亮，系统流畅分辨率也高，拍照清晰，这个价格很香了,5,2025-04-15 23:08:39,,2,雪域白,12GB+512GB
"外形外观：好看大气
屏幕音效：音质很好
拍照效果：清晰📸(^_^)
运行速度：很快&bull;ᴗ&bull;💧
待机时间：续航时间很长，一整天都不用充电
其他特色：有国补更优惠",5,2025-05-07 15:46:45,,0,羽砂黑,12GB+1TB
第一次用华为手机，摸起来很有质感，还搭配一个无边框的手机壳防摔的，配上白色非常适合夏天很清新，屏幕刷新很流畅，逐渐的成为华为粉了,5,2025-04-17 14:46:01,,0,雪域白,12GB+512GB
快递很快就到了，用的吗也还可以,3,2025-04-26 05:11:41,,0,雪域白,12GB+512GB
这个颜色很好看，实物比图片的要好看很多，摸着手感很好，支持国货，而且这个手机比预想的好更多，使用感非常的丝滑,5,2025-04-18 12:39:51,,0,冰晶蓝,12GB+512GB
华为Pura70系列，性能卓越，拍照出众。白色机身，简约大气，握感舒适。特别喜欢这款机型的摄像头设计，高清效果令人惊艳。📸✨,5,2025-04-27 19:17:05,,0,雪域白,12GB+512GB
"外形外观：外观设计非常精美绝伦！看起来也很舒服
拍照效果：拍照非常清晰明了
运行速度：运行速度很快！不会卡！
华为手机还是值得购买",5,2025-04-30 10:22:56,,0,冰晶蓝,12GB+1TB
手机号发货很快，隔天就收到了，参加国补优惠了500，收到货打开颜值很高，大小也刚好，系统运行流畅，鸿蒙系统，指纹解锁，人脸识别都很好用。,5,2025-04-25 19:04:44,,0,冰晶蓝,12GB+512GB
华为P70真的太香了！外观精致，丹霞橙配色高级感拉满。影像实力超强，超聚光XMAGE影像，无论是夜景还是人像，随手一拍都是大片。续航也给力，搭配快充，完全不用担心电量焦虑。鸿蒙系统流畅不卡顿，使用体验满分，入手不后悔！,5,2025-05-05 18:34:22,,1,冰晶蓝,12GB+512GB
京东快递值得信赖！中午外出食饭时收到电话通知收手机，因在外只能改为下午收货，虽然因堵车晚了一点。验收很认真，上京东自营店购买东西真的安心放心！一次愉快的购买体验！这款手机刚刚上市很多人购买，我昨晚在京东下单今天就可以收货，不错。等我使用后再评价手机。,5,2025-04-30 20:02:57,,0,雪域白,12GB+512GB
华为Pura70黑色简直颜值天花板！雅黑机身高级感拉满，磨砂质感握持舒适。骁龙8Gen3性能强劲，日常办公、游戏都流畅。超聚光XMAGE影像太绝，夜景人像随手拍都清晰有质感，续航也够顶，一天一充无压力。从外观到体验都挑不出毛病，安卓旗舰果然稳！,5,2025-05-12 22:57:35,,0,羽砂黑,12GB+512GB
补贴香，换手机导入资料很快捷，有几个售后问题，很耐心解决很不错，机身很轻，很薄，黑色酷炫，拍照可以！,5,2025-05-04 15:05:20,,0,羽砂黑,12GB+512GB
这款华为手机真的太赞了！📱✨ 白色外观时尚大气，性能稳定，拍照效果也非常出色。送礼自用都非常合适，强烈推荐给大家！💖,5,2025-05-07 11:41:23,,0,雪域白,12GB+512GB
手机📱很不错很喜欢颜值很高很不错给力。之前用的mate系列这次从mate系列换过来的感觉还是挺不错的！！！,5,2025-05-10 10:22:55,,0,雪域白,12GB+512GB
华为 P70 手感绝绝子！机身质感高级，操作丝滑流畅，信号超强，拍照模式多到挑花眼，国补后性价比超高！,5,2025-04-19 22:31:52,,0,羽砂黑,12GB+512GB
"最近入手了华为P70冰晶蓝
第一眼就被它的颜值征服了
淡淡的蓝色，像极了冬日里的冰晶，清爽又高级
拿在手里，质感十足，手感也很舒适
拍照清晰，玩游戏流畅不卡顿，日常办公更是得心应手",5,2025-05-12 10:38:43,,0,冰晶蓝,12GB+512GB
"手机比较小巧，适合女生。手机摄像头，像素很高，手机续航出门一天，拍剪视频都没问题。面容解锁很方便。
最主要的手机性价比高，比其他平台买的都放心。
顶呱呱！",5,2025-04-26 12:13:24,,0,羽砂黑,12GB+512GB
这是这两天出去玩随手拍的，就是如果光线好，天气好拍的人像和大光圈色调真的很好看，但是如果光线不好，确实就像评论说的有点灰灰的，还有智能ai修图功能很强大，抹去杂人，真的很智能，超级实用。嗯嗯，还是挺满意的。,5,2025-05-05 22:02:21,,0,冰晶蓝,12GB+512GB
国家补贴价格真的很优惠，换个新手机作为生日礼物送人。P70不错，性价比也好，对于使用基本功能的用户来说足够了。照相功能一如既往的好。,5,2025-04-18 11:10:32,,0,羽砂黑,12GB+512GB
手机很不错，颜值很高，手感很好，设计有金属质感，拍照功能摄像头很厉害，效果很赞，看了好久，选择了这款，性价比还是不错的，赞一个～其他功能还没有使用，后面有机会在评价,5,2025-05-14 16:24:33,,0,羽砂黑,12GB+512GB
一直用华为手机习惯了，从P40PRO换过来的，感觉是质的飞跃，直屏颜值在线啊，摄像头拍出来照片很真实耐看。,5,2025-05-09 07:45:20,,0,雪域白,12GB+512GB
好看好用，这个颜色真的很好看，以前用的苹果，信号差的要死，直接买了一个卫星版的，电池也升级了，华为yyds,5,2025-04-15 15:02:31,,0,冰晶蓝,12GB+512GB
观望了很久的手机，终于入手了，很好用，很流畅，，，，充电非常快，拍照像素很清楚，赶上京东国补补贴有优惠很划算,5,2025-05-07 22:20:24,,0,雪域白,12GB+512GB
"不错，不错，物流真的非常不错，一级棒的。所以喜欢在京东这里购物。 还送到手，没放菜鸟。这真的非常棒。买了很多次了。就是好，所以会再买。

这是第 N 次在京东买东西了，价格便宜而且质量好，买的放心，用的开心，感觉都买上瘾了，买买买根本停不下来，东西品种多而且又特别全，划算方便，而且实惠，会一直支持下去 PLUS 服务反应迅速，超级好用，下次还会再来京东",5,2025-04-25 11:28:25,,0,羽砂黑,12GB+512GB
这款华为手机很棒，拍照很清晰，之前买了一个价格都很贵，现在有活动再入手一个外观大气，很有档次 送给我哥，他很喜欢，确实是很不错的国产手机,5,2025-04-23 13:59:43,,0,羽砂黑,12GB+512GB
HUAWEIPura70超高速风驰闪拍效果卓越，充电迅速，鸿蒙系统运行流畅。抓拍运动瞬间清晰稳定，微距细节丰富，夜景模式成像优质。买家实测&ldquo;鸿蒙系统迁移资料特别方便，操作丝滑无卡顿&rdquo;。建议及时更新系统版本以优化性能，并充分利用AI摄影功能。,5,2025-04-25 11:19:36,,0,羽砂黑,12GB+512GB
相当于买了个暖手宝，掉电也快,3,2025-04-21 17:46:59,,1,雪域白,12GB+512GB
"外形外观：很漂亮，三角形摄像头很独特
屏幕音效：很好，很清晰
趁着国补买的，很划算，用了一段时间了，很好用",5,2025-04-15 09:17:07,,0,冰晶蓝,12GB+512GB
趁国补买的。价格便宜了不少，运行速度真的很快，还能免息分期付款，颜色好看，款式也很好看。一切都很完美，就是机子发热的很快,5,2025-05-12 13:10:53,,0,羽砂黑,12GB+512GB
首先要夸奖一下京东的物流速度，第一天晚上下单第二天早上就送来了。手机颜值一如既往的高，握着手感不错，用了一天，系统流畅，完全符合我的预期！,5,2025-05-05 18:31:29,,0,雪域白,12GB+512GB
外观时尚大气，运行流畅不卡顿，续航持久充电快，拍照效果超清晰。京东物流次日达，包装严实无瑕疵，客服响应迅速解答专业，赠品实用贴心，性价比极高，国货精品值得推荐！,5,2025-04-25 17:23:26,,0,羽砂黑,12GB+512GB
数码产品评价：京东购买的数码产品全新正品无疑，运行速度快、性能稳定。京东自营的售后服务非常到位，有任何疑问都能得到及时解答。从选购到收货再到使用，整个过程让人倍感舒心，值得推荐。,5,2025-04-27 10:31:13,,0,羽砂黑,12GB+512GB
手机收到啦，用了几天才来评论，流畅度不用说，超级棒，手感也是非常好，大小合适，京东物流也是很快，华为手机不用说，出了鸿蒙系统大牌支持，超赞。,5,2025-05-12 10:44:13,,0,冰晶蓝,12GB+512GB
这款手机绝对是个颜值与性能并存的佼佼者！📱✨无论是外观设计还是拍照效果，都是一流的！特别喜欢那双摄镜头技术，简直是摄影爱好者的福音！强烈推荐给所有追求高品质生活的朋友们！,5,2025-04-18 15:53:43,,0,羽砂黑,12GB+512GB
"这个真的不错，还是华为好用。充电快，使用流畅。

外观：老婆很喜欢，
拍照效果：非常不错
待机时间：没有续航焦虑了。
用华为好多年了
支持华为，支持国产。",5,2025-05-09 20:42:39,,0,冰晶蓝,12GB+512GB
华为P70是最新的手机 一直想用华为，但是价格太高，买不起 趁着搞活动价格优势买了一个这个最低配的 来使用看看咋样  我用顺手 下次存一部分钱再买高配,5,2025-05-08 20:40:48,,0,雪域白,12GB+512GB
看了好久才决定下手的。手机颜值很不错，也很轻巧。有国补，比实体店便宜了不少钱。京东下单第二天就到了。快递员帮忙开机。很不错哦！,5,2025-04-24 10:31:46,,0,冰晶蓝,12GB+512GB
新入手HUAWEI Pura70，手机颜值很高，系统流畅易上手，拍照效果完美，国补**叠加优惠券，超级划算。,5,2025-04-22 19:27:37,,0,雪域白,12GB+512GB
手机摔坏了，地址时间京东购买哈哈知道第二天会到，说实话第一次购买华为手机，我对象一直华为，真的太惊艳了，不管是外观还是内在，配置各方面都很好。感觉能用很久。,5,2025-04-17 21:30:53,,0,雪域白,12GB+512GB
"外形外观：大小正好，感好舒服，
屏幕音效：屏幕显示清晰，色彩鲜艳
拍照效果：大品牌值得信赖
运行速度：很流畅，没有卡顿",5,2025-05-10 18:26:00,,0,雪域白,12GB+512GB
拍照特别好看！超级清的，还有超级棒无敌的放大10倍数拍照也是比较清晰的，人像模式也非常不错，国补后的价格完美！,5,2025-04-21 23:57:31,,0,雪域白,12GB+512GB
购物不错不错不错，店家很耐心的指导怎么安装，物流给力服务态度很好，祝店家红红火火，下次继续光顾。给个五星好评语！好评！发货速度很快，包装也很好看，客服回消息也快，态度也好！最关键的是商品质量很好，100%正品，经得起查验，是一个不错的商家，值得购买！好评！都是最近生产的，最新日期的，商家发货速度很快，有啥问题也会及时回复，关注每一条信息细心又耐心的讲解，商品质量非常棒已经回购第二次了，是一次非常满意的购物体验[害羞R],5,2025-04-21 17:40:51,,1,雪域白,12GB+512GB
华为的粉，从P9到P10，接上P30升级到p40Pro，又换到p70，熟悉的手感，顺滑～不大不小的手机相当适配,5,2025-04-20 10:14:47,,0,雪域白,12GB+512GB
pure 70 价格还是很不错的 之前想买mate70 片人 买不到 就买了 这个 用着感觉都差不多。,5,2025-05-13 18:45:37,,0,羽砂黑,12GB+512GB
华为P70手机的使用体验非常出色。首先，它的外观设计简洁大方，手感舒适。其次，屏幕显示效果清晰细腻，色彩还原度高。再者，性能表现强劲,5,2025-05-05 09:41:51,,0,羽砂黑,12GB+512GB
手机颜值很高很喜欢🥰非常的不错好用，外观非常的好看特别是白色非常的出片！裸机手感也非常好！！！喜欢🥰！,5,2025-05-10 16:57:01,,0,雪域白,12GB+512GB
当到货就迫不及待打开了，果真没有让我失望，满意的一次购物，颜值是真的没话说，材质很好，物美价廉，大小合适，是理想中的产品，质量不错，物流也很快，值得点赞！,5,2025-05-14 08:13:21,,0,冰晶蓝,12GB+512GB
"华为pura70买啦买啦～太丝滑了
📱从果粉转为华为粉已有3年多了，从刚开始排斥华为手机到现在的爱不释手，足以说明它真的好用！",5,2025-04-29 11:10:22,,0,雪域白,12GB+512GB
手机华为运行流畅，充电速度快，续航给力，京东物流速度很快，发货速度也是一流，京东客服服务态度也是很好的，好评，有需要还会购买的，价格给力，好评必须的,5,2025-04-17 21:31:13,,0,雪域白,12GB+512GB
"商品收到咯，特别喜欢，一收到就迫不及待地打开了，家人也很满意，这次购物体验不错。
手机用了一段时间整体还行，总觉的P70背板充电或同时打开多个软件有发烫的情况。",5,2025-05-07 19:47:03,,0,羽砂黑,12GB+512GB
买到了物美价廉的宝贝，质量让人惊喜。物流迅速，商家服务周到，售后放心。这质量真是太意外了，实物美美哒，触感很好，很推荐哦~,5,2025-05-06 20:22:33,,2,雪域白,12GB+512GB
购物非常愉快，商品实惠又好用，质量有保证。物流迅速，商家服务周到，售后放心。东西质量非常好，与卖家描述的完全一致，非常满意宝贝真不错，做的真细心，值得拥有，快递很快质量让人惊艳！精细的做工，优质的材料，每一处都彰显着高端品质，爱了爱了！,5,2025-04-26 15:49:15,,0,雪域白,12GB+512GB
华为手机运行流畅，充电速度快，续航给力，价格不贵，京东物流速度很快，发货速度也是一流，京东客服服务态度也是很好的，好评，有需要还会购买的，价格给力，好评必须的,5,2025-04-17 21:31:39,,0,羽砂黑,12GB+512GB
质量杠杠的，设计美观大方，商家服务赞，穿上体验很棒，物流服务好，性价比高，爱了爱了！产品真的超级棒，下次还会买的，愿越做越好，非常好的购物体验抱着试试看的心态买的，因为价格便宜，没想到收到货质量这么好，太意外啦！是理想中的产品，质量不错，物流也很快，值得点赞！,5,2025-04-26 20:39:03,,0,雪域白,12GB+512GB
"昨天下午下单，今天中午快递小哥送机到家。雪域白机子外观时尚，各功能操作顺畅，指纹操作OK。
因是国补机，快递小哥要当面看着打开包装，开机，发送验证码等操作后方能离开，辛苦小哥啦。
就是华为原配的手机壳太简配，两边空空。",5,2025-05-04 20:29:51,,0,雪域白,12GB+512GB
购物非常愉快，商品实惠又好用，质量有保证。物流迅速，商家服务周到，售后放心。不得不赞，质量真的好，包装物流也不错。真心喜欢，入手后不会让你后悔的！这次购物体验完美！商品性价比高，质量出色。物流高效，商家服务贴心，售后让人安心。,5,2025-05-05 22:27:41,,0,冰晶蓝,12GB+1TB
华为Pura70手机是我近期使用的一款产品，其表现让我印象深刻。首先，该手机的外观设计简洁大方，手感舒适。其次，性能方面表现出色，无论是日常应用还是大型游戏都能流畅运行。再者，电池续航能力强，满足我长时间使用的需求。最后，摄像头质量高，拍照效果出色。总体而言，华为Pura70手机是一款性价比高、性能优秀的手机。对于追求高性能和高品质体验的用户来说，这款手机是一个不错的选择。,5,2025-04-24 08:09:41,,0,羽砂黑,12GB+512GB
快递速度很快，赶上国补很划算。华为P70是一款性能出色、综合体验良好的手机。它采用6.6英寸OLED直屏，支持1-120Hz自适应刷新率，显示效果细腻流畅[^0^]。搭载麒麟9000s1处理器，性能强劲，日常使用和游戏都能轻松应对[^1^]。影像系统是其亮点之一，5000万像素主摄支持夜景拍摄和5倍光学变焦，拍摄效果出色[^2^]。4900mAh大电池和66W快充技术，续航能力强，充电速度快[^3^]。不过，该手机不支持红外功能和NM内存卡扩展，部分用户可能会觉得不便[^4^]。,5,2025-04-24 19:48:11,,0,雪域白,12GB+512GB
"外形外观：手机外观好看，手感好
屏幕音效：屏幕清晰，音效好
拍照效果：拍照清晰
运行速度：运行速度快，无卡顿
待机时间：待机时间长，一直用用一天  ，用得少两天一充",5,2025-05-02 13:48:39,,0,羽砂黑,12GB+512GB
之前一直想买华为手机，可惜没有抢到，趁现在活动优惠1000元又有机子果断入手。用起来还可以，外观一看就知道是华为牌子，很别特。扬声器也还可以，拍照也清晰。用了几天感觉电池还可以，玩游戏的话一天充两次电就行。玩游戏也不卡顿很顺畅，推荐入手。,5,2025-04-20 18:48:49,,0,雪域白,12GB+512GB
"以旧换新：旧机回收价格一般
外形外观：真心好看，冲着颜值去的，14年果子用户直接切换华为，感觉丝滑
屏幕音效：感觉还可以
拍照效果：前置不太行，其他都可以
运行速度：挺好的，流畅",5,2025-04-26 12:57:25,,0,羽砂黑,12GB+512GB
"性能还行，拍照也很清晰，但是对女生来说，比较重
总体还行，推荐大家使用，这个款式偏生活款式的，对于拍照比较友好",5,2025-05-11 15:53:46,,0,羽砂黑,12GB+512GB
华为Pura 70手机外观设计简洁大方，手感舒适。性能方面表现优秀，无论是日常应用还是大型游戏都能流畅运行。电池续航能力强，满足长时间使用的需求。摄像头拍摄效果清晰，色彩还原度高。,5,2025-04-26 23:43:51,,0,雪域白,12GB+512GB
华为Pura70手机以其卓越的性能和出色的用户体验赢得了我的青睐。在使用过程中，我发现它的处理器运行速度快，电池续航能力强，能够满足我长时间使用的需求。同时，其摄像头拍摄效果清晰，色彩还原度高，让我在记录生活时更加自信。此外，手机的外观设计简洁大方，手感舒适。总的来说，华为Pura70是一款性价比极高的手机，无论是性能还是外观都表现出色。对于追求高品质生活的用户来说，这是一款值得推荐的手机。,5,2025-04-24 08:12:39,,0,羽砂黑,12GB+512GB
"外形外观：磨砂黑的手机背面显得十分有质感

屏幕音效：音效清晰，屏幕丝滑流畅，不卡顿
买给爸爸的生日礼物，他应该会喜欢。",5,2025-05-09 20:36:17,,0,羽砂黑,12GB+512GB
外形很漂亮，手感很好，屏幕大，字看着不费劲，功能太多了，还没研究完，太多太多了，功能确实强大，目前感觉照相挺好，但是录像有点泛白不知道怎么回事，录出来的感觉不真实，不知道调哪里能好一些，其他功能还在习惯。,5,2025-04-16 08:29:18,,0,冰晶蓝,12GB+512GB
华为P7，外观漂亮，有质感，主要是拍照效果挺好的，真实，清晰，其他功能都足够使用了，主要是想选拍照质量好的。,5,2025-05-04 13:18:26,,0,雪域白,12GB+512GB
"以旧换新：支持以旧换新，支持国补
外形外观：外观设计精美，手感舒服
屏幕音效：屏幕画面清晰，音效纯正
拍照效果：拍照清晰智能，画面防抖
运行速度：系统运行流畅，满足需求
待机时间：待机时将长久，满足需求
其他特色：满意",5,2025-04-26 22:45:04,,0,雪域白,12GB+512GB
华为的牌子，用习惯了，质量很好，挺耐用的，而且比较经摔，但是像素怎么不好用了，拍照好丑，对于一个爱拍照的人，现在都不想拍了，能不能改进一下,5,2025-05-06 17:06:03,,0,羽砂黑,12GB+1TB
从小米转到华为，舒服多了，bug几乎没有，颜值也很漂亮，就是处理器的分数好像比较小米低很多，但用起来比我以前的小米15系统用起来舒服，挺好,5,2025-05-03 00:02:01,,0,羽砂黑,12GB+512GB
家里三代人都坚定支持华为。之前的nova8用了5年，内存不够了，果断选了这款pura7。各方面的表现上了一个档次，关键是完全自主的技术。,5,2025-05-06 06:33:41,,0,冰晶蓝,12GB+1TB
一次性买了两台，一台黑色一台浅蓝色，黑色自己用，蓝色给老婆，个人觉得都很漂亮，但男的用我还是首先建议买黑色，大气沉稳永不过时，华为加油,5,2025-04-18 14:31:29,,0,羽砂黑,12GB+512GB
华为手机国民大品牌，支持国产手机，支持国产鸿蒙系统，中国制造业必胜。系统流畅顺滑，电池容量大，续航长,5,2025-04-29 23:22:23,,0,雪域白,12GB+512GB
这个手机已经关注了很久，然后老婆是比较喜欢的，我也是看看活动也差不多，然后那个旧的手机呢也也价值的，嗯，差不多的价格，所以就把它买了，嗯，感觉试用了一下，试验还是比较流流畅的，嗯，一切都体现还是可以。,5,2025-05-07 16:48:40,,0,雪域白,12GB+512GB
5. 系统流畅稳定：基于最新的EMUI系统，操作流畅且稳定，同时优化了多种功能，提升了用户的使用体验。,5,2025-05-10 21:34:18,,0,雪域白,12GB+512GB
